id,claim_id,book_name,chunk_id,label,confidence,verifier_model,run_id
46,46_c01,In search of the castaways,castaways_ch001_w0106,SUPPORT,0.9183333333333333,heuristic_v1,run_20260111_012408
46,46_c01,In search of the castaways,castaways_ch001_w0233,SUPPORT,0.8383294236325035,heuristic_v1,run_20260111_012408
74,74_c01,In search of the castaways,castaways_ch001_w0005,SUPPORT,0.7537507504667519,heuristic_v1,run_20260111_012408
74,74_c01,In search of the castaways,castaways_ch001_w0238,SUPPORT,0.7164293134201181,heuristic_v1,run_20260111_012408
109,109_c01,The Count of Monte Cristo,montecristo_ch001_w0132,SUPPORT,0.9125,heuristic_v1,run_20260111_012408
109,109_c01,The Count of Monte Cristo,montecristo_ch001_w0862,SUPPORT,0.8071879311696057,heuristic_v1,run_20260111_012408
109,109_c02,The Count of Monte Cristo,montecristo_ch001_w0123,SUPPORT,0.7766459954258714,heuristic_v1,run_20260111_012408
109,109_c02,The Count of Monte Cristo,montecristo_ch001_w0740,SUPPORT,0.8640931682571823,heuristic_v1,run_20260111_012408
104,104_c01,The Count of Monte Cristo,montecristo_ch001_w0192,SUPPORT,0.8695454545454545,heuristic_v1,run_20260111_012408
104,104_c01,The Count of Monte Cristo,montecristo_ch001_w0864,SUPPORT,0.8496119354333056,heuristic_v1,run_20260111_012408
35,35_c01,In search of the castaways,castaways_ch001_w0064,SUPPORT,0.7319983619254627,heuristic_v1,run_20260111_012408
35,35_c01,In search of the castaways,castaways_ch001_w0297,SUPPORT,0.7778913314442472,heuristic_v1,run_20260111_012408
35,35_c02,In search of the castaways,castaways_ch001_w0004,SUPPORT,0.7373310268499365,heuristic_v1,run_20260111_012408
35,35_c02,In search of the castaways,castaways_ch001_w0297,SUPPORT,0.8101586525087862,heuristic_v1,run_20260111_012408
35,35_c03,In search of the castaways,castaways_ch001_w0078,SUPPORT,0.7509887848128387,heuristic_v1,run_20260111_012408
35,35_c03,In search of the castaways,castaways_ch001_w0297,NEUTRAL,0.45203118851531426,heuristic_v1,run_20260111_012408
18,18_c01,In search of the castaways,castaways_ch001_w0116,SUPPORT,0.8218762267071534,heuristic_v1,run_20260111_012408
18,18_c01,In search of the castaways,castaways_ch001_w0170,SUPPORT,0.8253296074311364,heuristic_v1,run_20260111_012408
18,18_c02,In search of the castaways,castaways_ch001_w0042,SUPPORT,0.8288888888888889,heuristic_v1,run_20260111_012408
18,18_c02,In search of the castaways,castaways_ch001_w0230,SUPPORT,0.7894365387766014,heuristic_v1,run_20260111_012408
31,31_c01,In search of the castaways,castaways_ch001_w0086,SUPPORT,0.7373389280683917,heuristic_v1,run_20260111_012408
31,31_c01,In search of the castaways,castaways_ch001_w0297,SUPPORT,0.7674600125339446,heuristic_v1,run_20260111_012408
68,68_c01,In search of the castaways,castaways_ch001_w0079,SUPPORT,0.7451409044406603,heuristic_v1,run_20260111_012408
68,68_c01,In search of the castaways,castaways_ch001_w0176,SUPPORT,0.7178565717973302,heuristic_v1,run_20260111_012408
68,68_c02,In search of the castaways,castaways_ch001_w0145,SUPPORT,0.7479088759103336,heuristic_v1,run_20260111_012408
68,68_c02,In search of the castaways,castaways_ch001_w0256,SUPPORT,0.7253292803740714,heuristic_v1,run_20260111_012408
68,68_c03,In search of the castaways,castaways_ch001_w0101,SUPPORT,0.7161069255881541,heuristic_v1,run_20260111_012408
68,68_c03,In search of the castaways,castaways_ch001_w0246,SUPPORT,0.7777388559270488,heuristic_v1,run_20260111_012408
9,9_c01,In search of the castaways,castaways_ch001_w0058,SUPPORT,0.8049046641234757,heuristic_v1,run_20260111_012408
9,9_c01,In search of the castaways,castaways_ch001_w0303,SUPPORT,0.710479749203038,heuristic_v1,run_20260111_012408
9,9_c02,In search of the castaways,castaways_ch001_w0143,SUPPORT,0.7903321965912661,heuristic_v1,run_20260111_012408
9,9_c02,In search of the castaways,castaways_ch001_w0187,SUPPORT,0.88,heuristic_v1,run_20260111_012408
84,84_c01,In search of the castaways,castaways_ch001_w0126,SUPPORT,0.8024563925693347,heuristic_v1,run_20260111_012408
84,84_c01,In search of the castaways,castaways_ch001_w0264,SUPPORT,0.7265980906383708,heuristic_v1,run_20260111_012408
84,84_c02,In search of the castaways,castaways_ch001_w0103,SUPPORT,0.8190292302313097,heuristic_v1,run_20260111_012408
84,84_c02,In search of the castaways,castaways_ch001_w0285,SUPPORT,0.8170781697438594,heuristic_v1,run_20260111_012408
83,83_c01,In search of the castaways,castaways_ch001_w0024,SUPPORT,0.7980433808334091,heuristic_v1,run_20260111_012408
83,83_c01,In search of the castaways,castaways_ch001_w0294,SUPPORT,0.8505872970595916,heuristic_v1,run_20260111_012408
83,83_c02,In search of the castaways,castaways_ch001_w0019,SUPPORT,0.6501440807124547,heuristic_v1,run_20260111_012408
83,83_c02,In search of the castaways,castaways_ch001_w0204,SUPPORT,0.6501606997743317,heuristic_v1,run_20260111_012408
134,134_c01,The Count of Monte Cristo,montecristo_ch001_w0224,SUPPORT,0.8288888888888889,heuristic_v1,run_20260111_012408
134,134_c01,The Count of Monte Cristo,montecristo_ch001_w0574,SUPPORT,0.747058492102027,heuristic_v1,run_20260111_012408
134,134_c02,The Count of Monte Cristo,montecristo_ch001_w0146,SUPPORT,0.8225,heuristic_v1,run_20260111_012408
134,134_c02,The Count of Monte Cristo,montecristo_ch001_w0590,SUPPORT,0.7557853257111917,heuristic_v1,run_20260111_012408
88,88_c01,The Count of Monte Cristo,montecristo_ch001_w0063,SUPPORT,0.85125,heuristic_v1,run_20260111_012408
88,88_c01,The Count of Monte Cristo,montecristo_ch001_w0668,SUPPORT,0.8138605505309563,heuristic_v1,run_20260111_012408
88,88_c02,The Count of Monte Cristo,montecristo_ch001_w0128,SUPPORT,0.811,heuristic_v1,run_20260111_012408
88,88_c02,The Count of Monte Cristo,montecristo_ch001_w1024,SUPPORT,0.7287412428102521,heuristic_v1,run_20260111_012408
67,67_c01,In search of the castaways,castaways_ch001_w0140,SUPPORT,0.6932643484552964,heuristic_v1,run_20260111_012408
67,67_c01,In search of the castaways,castaways_ch001_w0210,SUPPORT,0.7370057339189433,heuristic_v1,run_20260111_012408
67,67_c02,In search of the castaways,castaways_ch001_w0025,SUPPORT,0.7924891214815133,heuristic_v1,run_20260111_012408
67,67_c02,In search of the castaways,castaways_ch001_w0195,SUPPORT,0.7631685365439671,heuristic_v1,run_20260111_012408
67,67_c03,In search of the castaways,castaways_ch001_w0095,SUPPORT,0.7681724387474921,heuristic_v1,run_20260111_012408
67,67_c03,In search of the castaways,castaways_ch001_w0212,SUPPORT,0.7318186758673467,heuristic_v1,run_20260111_012408
112,112_c01,The Count of Monte Cristo,montecristo_ch001_w0199,SUPPORT,0.7755369683628915,heuristic_v1,run_20260111_012408
112,112_c01,The Count of Monte Cristo,montecristo_ch001_w0771,SUPPORT,0.8848976570827992,heuristic_v1,run_20260111_012408
112,112_c02,The Count of Monte Cristo,montecristo_ch001_w0079,SUPPORT,0.825035708453746,heuristic_v1,run_20260111_012408
112,112_c02,The Count of Monte Cristo,montecristo_ch001_w0864,SUPPORT,0.8736111111111111,heuristic_v1,run_20260111_012408
79,79_c01,In search of the castaways,castaways_ch001_w0106,SUPPORT,0.7684967953435228,heuristic_v1,run_20260111_012408
79,79_c01,In search of the castaways,castaways_ch001_w0295,SUPPORT,0.8099524204088394,heuristic_v1,run_20260111_012408
79,79_c02,In search of the castaways,castaways_ch001_w0068,SUPPORT,0.740342155973151,heuristic_v1,run_20260111_012408
79,79_c02,In search of the castaways,castaways_ch001_w0249,SUPPORT,0.7260931946928804,heuristic_v1,run_20260111_012408
55,55_c01,In search of the castaways,castaways_ch001_w0042,SUPPORT,0.85,heuristic_v1,run_20260111_012408
55,55_c01,In search of the castaways,castaways_ch001_w0241,SUPPORT,0.8884863532530117,heuristic_v1,run_20260111_012408
55,55_c02,In search of the castaways,castaways_ch001_w0100,SUPPORT,0.85125,heuristic_v1,run_20260111_012408
55,55_c02,In search of the castaways,castaways_ch001_w0185,SUPPORT,0.7765677020011625,heuristic_v1,run_20260111_012408
12,12_c01,In search of the castaways,castaways_ch001_w0044,SUPPORT,0.9183333333333333,heuristic_v1,run_20260111_012408
12,12_c01,In search of the castaways,castaways_ch001_w0214,SUPPORT,0.8336427407538543,heuristic_v1,run_20260111_012408
12,12_c02,In search of the castaways,castaways_ch001_w0000,SUPPORT,0.8194736842105262,heuristic_v1,run_20260111_012408
12,12_c02,In search of the castaways,castaways_ch001_w0244,SUPPORT,0.7722646548344483,heuristic_v1,run_20260111_012408
13,13_c01,In search of the castaways,castaways_ch001_w0044,SUPPORT,0.8879646126659939,heuristic_v1,run_20260111_012408
13,13_c01,In search of the castaways,castaways_ch001_w0231,SUPPORT,0.86,heuristic_v1,run_20260111_012408
13,13_c02,In search of the castaways,castaways_ch001_w0033,SUPPORT,0.8133333333333334,heuristic_v1,run_20260111_012408
13,13_c02,In search of the castaways,castaways_ch001_w0246,SUPPORT,0.8022181258633639,heuristic_v1,run_20260111_012408
92,92_c01,The Count of Monte Cristo,montecristo_ch001_w0319,SUPPORT,0.7993899676800889,heuristic_v1,run_20260111_012408
92,92_c01,The Count of Monte Cristo,montecristo_ch001_w0706,SUPPORT,0.88,heuristic_v1,run_20260111_012408
92,92_c02,The Count of Monte Cristo,montecristo_ch001_w0001,SUPPORT,0.8886701919788268,heuristic_v1,run_20260111_012408
92,92_c02,The Count of Monte Cristo,montecristo_ch001_w1005,SUPPORT,0.9178064679108632,heuristic_v1,run_20260111_012408
92,92_c03,The Count of Monte Cristo,montecristo_ch001_w0121,SUPPORT,0.8126455564908951,heuristic_v1,run_20260111_012408
92,92_c03,The Count of Monte Cristo,montecristo_ch001_w1022,SUPPORT,0.85125,heuristic_v1,run_20260111_012408
1,1_c01,In search of the castaways,castaways_ch001_w0044,SUPPORT,0.88,heuristic_v1,run_20260111_012408
1,1_c01,In search of the castaways,castaways_ch001_w0265,SUPPORT,0.7590210405522383,heuristic_v1,run_20260111_012408
1,1_c02,In search of the castaways,castaways_ch001_w0058,SUPPORT,0.9015624999999999,heuristic_v1,run_20260111_012408
1,1_c02,In search of the castaways,castaways_ch001_w0230,SUPPORT,0.8939261888770844,heuristic_v1,run_20260111_012408
1,1_c03,In search of the castaways,castaways_ch001_w0058,SUPPORT,0.8736111111111111,heuristic_v1,run_20260111_012408
1,1_c03,In search of the castaways,castaways_ch001_w0187,SUPPORT,0.8511891209113076,heuristic_v1,run_20260111_012408
1,1_c04,In search of the castaways,castaways_ch001_w0044,SUPPORT,0.7841666666666667,heuristic_v1,run_20260111_012408
1,1_c04,In search of the castaways,castaways_ch001_w0187,SUPPORT,0.7652537027226344,heuristic_v1,run_20260111_012408
11,11_c01,In search of the castaways,castaways_ch001_w0042,SUPPORT,0.7963636363636364,heuristic_v1,run_20260111_012408
11,11_c01,In search of the castaways,castaways_ch001_w0293,SUPPORT,0.7499034784508662,heuristic_v1,run_20260111_012408
11,11_c02,In search of the castaways,castaways_ch001_w0065,SUPPORT,0.8847916666666666,heuristic_v1,run_20260111_012408
11,11_c02,In search of the castaways,castaways_ch001_w0180,SUPPORT,0.8484359300927994,heuristic_v1,run_20260111_012408
65,65_c01,In search of the castaways,castaways_ch001_w0058,SUPPORT,0.7308090386973513,heuristic_v1,run_20260111_012408
65,65_c01,In search of the castaways,castaways_ch001_w0259,SUPPORT,0.7304328289532988,heuristic_v1,run_20260111_012408
65,65_c02,In search of the castaways,castaways_ch001_w0034,SUPPORT,0.7942967491608196,heuristic_v1,run_20260111_012408
65,65_c02,In search of the castaways,castaways_ch001_w0179,SUPPORT,0.88,heuristic_v1,run_20260111_012408
107,107_c01,The Count of Monte Cristo,montecristo_ch001_w0135,SUPPORT,0.86875,heuristic_v1,run_20260111_012408
107,107_c01,The Count of Monte Cristo,montecristo_ch001_w0863,SUPPORT,0.7962188522460804,heuristic_v1,run_20260111_012408
107,107_c02,The Count of Monte Cristo,montecristo_ch001_w0334,SUPPORT,0.8283738606892321,heuristic_v1,run_20260111_012408
107,107_c02,The Count of Monte Cristo,montecristo_ch001_w0846,SUPPORT,0.8581209909776615,heuristic_v1,run_20260111_012408
66,66_c01,In search of the castaways,castaways_ch001_w0042,SUPPORT,0.9416666666666668,heuristic_v1,run_20260111_012408
66,66_c01,In search of the castaways,castaways_ch001_w0239,SUPPORT,0.7681765963536155,heuristic_v1,run_20260111_012408
66,66_c02,In search of the castaways,castaways_ch001_w0137,SUPPORT,0.9518749999999999,heuristic_v1,run_20260111_012408
66,66_c02,In search of the castaways,castaways_ch001_w0179,SUPPORT,0.8952169262007356,heuristic_v1,run_20260111_012408
89,89_c01,The Count of Monte Cristo,montecristo_ch001_w0114,SUPPORT,0.8444444444444444,heuristic_v1,run_20260111_012408
89,89_c01,The Count of Monte Cristo,montecristo_ch001_w0842,SUPPORT,0.7729804976188599,heuristic_v1,run_20260111_012408
89,89_c02,The Count of Monte Cristo,montecristo_ch001_w0264,SUPPORT,0.86,heuristic_v1,run_20260111_012408
89,89_c02,The Count of Monte Cristo,montecristo_ch001_w0740,SUPPORT,0.7580442536797998,heuristic_v1,run_20260111_012408
34,34_c01,In search of the castaways,castaways_ch001_w0012,SUPPORT,0.7523868464577087,heuristic_v1,run_20260111_012408
34,34_c01,In search of the castaways,castaways_ch001_w0297,SUPPORT,0.7270231453045228,heuristic_v1,run_20260111_012408
34,34_c02,In search of the castaways,castaways_ch001_w0027,SUPPORT,0.8000374735988983,heuristic_v1,run_20260111_012408
34,34_c02,In search of the castaways,castaways_ch001_w0297,SUPPORT,0.7879616450763735,heuristic_v1,run_20260111_012408
123,123_c01,The Count of Monte Cristo,montecristo_ch001_w0334,SUPPORT,0.94,heuristic_v1,run_20260111_012408
123,123_c01,The Count of Monte Cristo,montecristo_ch001_w0982,SUPPORT,0.8725330106096025,heuristic_v1,run_20260111_012408
123,123_c02,The Count of Monte Cristo,montecristo_ch001_w0181,SUPPORT,0.85125,heuristic_v1,run_20260111_012408
123,123_c02,The Count of Monte Cristo,montecristo_ch001_w0550,SUPPORT,0.7454383175172619,heuristic_v1,run_20260111_012408
116,116_c01,The Count of Monte Cristo,montecristo_ch001_w0293,SUPPORT,0.7306624993664383,heuristic_v1,run_20260111_012408
116,116_c01,The Count of Monte Cristo,montecristo_ch001_w0695,SUPPORT,0.7498165194021738,heuristic_v1,run_20260111_012408
116,116_c02,The Count of Monte Cristo,montecristo_ch001_w0213,SUPPORT,0.8329545454545454,heuristic_v1,run_20260111_012408
116,116_c02,The Count of Monte Cristo,montecristo_ch001_w0748,SUPPORT,0.7998589236372469,heuristic_v1,run_20260111_012408
43,43_c01,In search of the castaways,castaways_ch001_w0029,SUPPORT,0.7722151786142208,heuristic_v1,run_20260111_012408
43,43_c01,In search of the castaways,castaways_ch001_w0297,SUPPORT,0.8,heuristic_v1,run_20260111_012408
108,108_c01,The Count of Monte Cristo,montecristo_ch001_w0060,SUPPORT,0.85,heuristic_v1,run_20260111_012408
108,108_c01,The Count of Monte Cristo,montecristo_ch001_w0693,SUPPORT,0.7441636224344321,heuristic_v1,run_20260111_012408
108,108_c02,The Count of Monte Cristo,montecristo_ch001_w0127,SUPPORT,0.9286538461538462,heuristic_v1,run_20260111_012408
108,108_c02,The Count of Monte Cristo,montecristo_ch001_w0688,SUPPORT,0.8702491713307969,heuristic_v1,run_20260111_012408
128,128_c01,The Count of Monte Cristo,montecristo_ch001_w0179,SUPPORT,0.7963636363636364,heuristic_v1,run_20260111_012408
128,128_c01,The Count of Monte Cristo,montecristo_ch001_w0964,SUPPORT,0.7466575263725782,heuristic_v1,run_20260111_012408
128,128_c02,The Count of Monte Cristo,montecristo_ch001_w0182,SUPPORT,0.811,heuristic_v1,run_20260111_012408
128,128_c02,The Count of Monte Cristo,montecristo_ch001_w0559,SUPPORT,0.73492350205583,heuristic_v1,run_20260111_012408
29,29_c01,In search of the castaways,castaways_ch001_w0004,SUPPORT,0.8075583363571975,heuristic_v1,run_20260111_012408
29,29_c01,In search of the castaways,castaways_ch001_w0294,SUPPORT,0.8107698205717468,heuristic_v1,run_20260111_012408
69,69_c01,In search of the castaways,castaways_ch001_w0029,SUPPORT,0.831318363187355,heuristic_v1,run_20260111_012408
69,69_c01,In search of the castaways,castaways_ch001_w0175,SUPPORT,0.841880808242709,heuristic_v1,run_20260111_012408
69,69_c02,In search of the castaways,castaways_ch001_w0124,SUPPORT,0.7152616253970079,heuristic_v1,run_20260111_012408
69,69_c02,In search of the castaways,castaways_ch001_w0165,SUPPORT,0.7051015643762384,heuristic_v1,run_20260111_012408
69,69_c03,In search of the castaways,castaways_ch001_w0107,SUPPORT,0.7650774398788985,heuristic_v1,run_20260111_012408
69,69_c03,In search of the castaways,castaways_ch001_w0210,SUPPORT,0.7680956937047594,heuristic_v1,run_20260111_012408
50,50_c01,In search of the castaways,castaways_ch001_w0149,SUPPORT,0.8736111111111111,heuristic_v1,run_20260111_012408
50,50_c01,In search of the castaways,castaways_ch001_w0155,SUPPORT,0.8606199629505243,heuristic_v1,run_20260111_012408
50,50_c02,In search of the castaways,castaways_ch001_w0131,SUPPORT,0.8976923076923077,heuristic_v1,run_20260111_012408
50,50_c02,In search of the castaways,castaways_ch001_w0304,SUPPORT,0.8099764073127853,heuristic_v1,run_20260111_012408
50,50_c03,In search of the castaways,castaways_ch001_w0129,SUPPORT,0.8166850836029639,heuristic_v1,run_20260111_012408
50,50_c03,In search of the castaways,castaways_ch001_w0246,SUPPORT,0.7710327082269035,heuristic_v1,run_20260111_012408
5,5_c01,In search of the castaways,castaways_ch001_w0101,SUPPORT,0.7605718408465404,heuristic_v1,run_20260111_012408
5,5_c01,In search of the castaways,castaways_ch001_w0182,SUPPORT,0.8250000000000001,heuristic_v1,run_20260111_012408
39,39_c01,In search of the castaways,castaways_ch001_w0004,SUPPORT,0.64321990676738,heuristic_v1,run_20260111_012408
39,39_c01,In search of the castaways,castaways_ch001_w0297,SUPPORT,0.8057633768670961,heuristic_v1,run_20260111_012408
39,39_c02,In search of the castaways,castaways_ch001_w0078,SUPPORT,0.6962588507006359,heuristic_v1,run_20260111_012408
39,39_c02,In search of the castaways,castaways_ch001_w0297,SUPPORT,0.7218926322978902,heuristic_v1,run_20260111_012408
19,19_c01,In search of the castaways,castaways_ch001_w0058,SUPPORT,0.8357692307692308,heuristic_v1,run_20260111_012408
19,19_c01,In search of the castaways,castaways_ch001_w0197,SUPPORT,0.7151569209380515,heuristic_v1,run_20260111_012408
113,113_c01,The Count of Monte Cristo,montecristo_ch001_w0219,SUPPORT,0.9375,heuristic_v1,run_20260111_012408
113,113_c01,The Count of Monte Cristo,montecristo_ch001_w0596,SUPPORT,0.8640733715304425,heuristic_v1,run_20260111_012408
113,113_c02,The Count of Monte Cristo,montecristo_ch001_w0146,SUPPORT,0.8101952748641466,heuristic_v1,run_20260111_012408
113,113_c02,The Count of Monte Cristo,montecristo_ch001_w0768,SUPPORT,0.9,heuristic_v1,run_20260111_012408
139,139_c01,The Count of Monte Cristo,montecristo_ch001_w0196,SUPPORT,0.9183333333333333,heuristic_v1,run_20260111_012408
139,139_c01,The Count of Monte Cristo,montecristo_ch001_w0532,SUPPORT,0.7669347686177928,heuristic_v1,run_20260111_012408
71,71_c01,In search of the castaways,castaways_ch001_w0137,SUPPORT,0.7316467953520673,heuristic_v1,run_20260111_012408
71,71_c01,In search of the castaways,castaways_ch001_w0165,SUPPORT,0.7395127457583236,heuristic_v1,run_20260111_012408
71,71_c02,In search of the castaways,castaways_ch001_w0062,SUPPORT,0.7371161577828151,heuristic_v1,run_20260111_012408
71,71_c02,In search of the castaways,castaways_ch001_w0233,SUPPORT,0.7686168148993405,heuristic_v1,run_20260111_012408
71,71_c03,In search of the castaways,castaways_ch001_w0028,SUPPORT,0.7597083373149797,heuristic_v1,run_20260111_012408
71,71_c03,In search of the castaways,castaways_ch001_w0204,SUPPORT,0.7222982930303282,heuristic_v1,run_20260111_012408
26,26_c01,In search of the castaways,castaways_ch001_w0116,SUPPORT,0.7444378852492447,heuristic_v1,run_20260111_012408
26,26_c01,In search of the castaways,castaways_ch001_w0297,SUPPORT,0.7722588309109651,heuristic_v1,run_20260111_012408
26,26_c02,In search of the castaways,castaways_ch001_w0017,SUPPORT,0.7811976346844055,heuristic_v1,run_20260111_012408
26,26_c02,In search of the castaways,castaways_ch001_w0297,SUPPORT,0.86875,heuristic_v1,run_20260111_012408
26,26_c03,In search of the castaways,castaways_ch001_w0029,SUPPORT,0.6949466166628171,heuristic_v1,run_20260111_012408
26,26_c03,In search of the castaways,castaways_ch001_w0297,SUPPORT,0.7211393559268937,heuristic_v1,run_20260111_012408
117,117_c01,The Count of Monte Cristo,montecristo_ch001_w0145,SUPPORT,0.7963636363636364,heuristic_v1,run_20260111_012408
117,117_c01,The Count of Monte Cristo,montecristo_ch001_w0876,SUPPORT,0.7104190599226051,heuristic_v1,run_20260111_012408
117,117_c02,The Count of Monte Cristo,montecristo_ch001_w0220,SUPPORT,0.9518749999999999,heuristic_v1,run_20260111_012408
117,117_c02,The Count of Monte Cristo,montecristo_ch001_w0673,SUPPORT,0.7900424846600358,heuristic_v1,run_20260111_012408
6,6_c01,In search of the castaways,castaways_ch001_w0042,SUPPORT,0.85125,heuristic_v1,run_20260111_012408
6,6_c01,In search of the castaways,castaways_ch001_w0187,SUPPORT,0.8661469145127083,heuristic_v1,run_20260111_012408
6,6_c02,In search of the castaways,castaways_ch001_w0057,SUPPORT,0.8329545454545454,heuristic_v1,run_20260111_012408
6,6_c02,In search of the castaways,castaways_ch001_w0189,SUPPORT,0.7150972687148706,heuristic_v1,run_20260111_012408
76,76_c01,In search of the castaways,castaways_ch001_w0040,SUPPORT,0.8464445143549592,heuristic_v1,run_20260111_012408
76,76_c01,In search of the castaways,castaways_ch001_w0185,SUPPORT,0.7884048494572998,heuristic_v1,run_20260111_012408
76,76_c02,In search of the castaways,castaways_ch001_w0093,SUPPORT,0.7266646475071957,heuristic_v1,run_20260111_012408
76,76_c02,In search of the castaways,castaways_ch001_w0246,SUPPORT,0.7400729846560757,heuristic_v1,run_20260111_012408
76,76_c03,In search of the castaways,castaways_ch001_w0028,SUPPORT,0.7520861484436786,heuristic_v1,run_20260111_012408
76,76_c03,In search of the castaways,castaways_ch001_w0161,SUPPORT,0.7602989542884261,heuristic_v1,run_20260111_012408
17,17_c01,In search of the castaways,castaways_ch001_w0114,SUPPORT,0.88,heuristic_v1,run_20260111_012408
17,17_c01,In search of the castaways,castaways_ch001_w0187,SUPPORT,0.7743272682751855,heuristic_v1,run_20260111_012408
17,17_c02,In search of the castaways,castaways_ch001_w0058,SUPPORT,0.88,heuristic_v1,run_20260111_012408
17,17_c02,In search of the castaways,castaways_ch001_w0189,SUPPORT,0.6855688282720482,heuristic_v1,run_20260111_012408
20,20_c01,In search of the castaways,castaways_ch001_w0042,SUPPORT,0.8329545454545454,heuristic_v1,run_20260111_012408
20,20_c01,In search of the castaways,castaways_ch001_w0274,SUPPORT,0.8404502403795115,heuristic_v1,run_20260111_012408
20,20_c02,In search of the castaways,castaways_ch001_w0138,SUPPORT,0.8250000000000001,heuristic_v1,run_20260111_012408
20,20_c02,In search of the castaways,castaways_ch001_w0246,SUPPORT,0.833979613223274,heuristic_v1,run_20260111_012408
10,10_c01,In search of the castaways,castaways_ch001_w0058,SUPPORT,0.8504410791773604,heuristic_v1,run_20260111_012408
10,10_c01,In search of the castaways,castaways_ch001_w0234,SUPPORT,0.8250000000000001,heuristic_v1,run_20260111_012408
10,10_c02,In search of the castaways,castaways_ch001_w0151,SUPPORT,0.86875,heuristic_v1,run_20260111_012408
10,10_c02,In search of the castaways,castaways_ch001_w0170,SUPPORT,0.8436970591931287,heuristic_v1,run_20260111_012408
122,122_c01,The Count of Monte Cristo,montecristo_ch001_w0335,SUPPORT,0.7847361429102876,heuristic_v1,run_20260111_012408
122,122_c01,The Count of Monte Cristo,montecristo_ch001_w0859,SUPPORT,0.7453104195449753,heuristic_v1,run_20260111_012408
36,36_c01,In search of the castaways,castaways_ch001_w0106,SUPPORT,0.7563482223481034,heuristic_v1,run_20260111_012408
36,36_c01,In search of the castaways,castaways_ch001_w0297,SUPPORT,0.7337184491760919,heuristic_v1,run_20260111_012408
73,73_c01,In search of the castaways,castaways_ch001_w0000,SUPPORT,0.69460316813182,heuristic_v1,run_20260111_012408
73,73_c01,In search of the castaways,castaways_ch001_w0250,SUPPORT,0.684134279453066,heuristic_v1,run_20260111_012408
73,73_c02,In search of the castaways,castaways_ch001_w0102,SUPPORT,0.6861646663508357,heuristic_v1,run_20260111_012408
73,73_c02,In search of the castaways,castaways_ch001_w0185,SUPPORT,0.6823477343711755,heuristic_v1,run_20260111_012408
98,98_c01,The Count of Monte Cristo,montecristo_ch001_w0207,SUPPORT,0.8250000000000001,heuristic_v1,run_20260111_012408
98,98_c01,The Count of Monte Cristo,montecristo_ch001_w0922,SUPPORT,0.7780257228348483,heuristic_v1,run_20260111_012408
98,98_c02,The Count of Monte Cristo,montecristo_ch001_w0178,SUPPORT,0.761087507304505,heuristic_v1,run_20260111_012408
98,98_c02,The Count of Monte Cristo,montecristo_ch001_w1023,SUPPORT,0.9286538461538462,heuristic_v1,run_20260111_012408
25,25_c01,In search of the castaways,castaways_ch001_w0044,SUPPORT,0.8357692307692308,heuristic_v1,run_20260111_012408
25,25_c01,In search of the castaways,castaways_ch001_w0228,SUPPORT,0.8320193106800325,heuristic_v1,run_20260111_012408
120,120_c01,The Count of Monte Cristo,montecristo_ch001_w0179,SUPPORT,0.8291364802225581,heuristic_v1,run_20260111_012408
120,120_c01,The Count of Monte Cristo,montecristo_ch001_w0977,SUPPORT,0.895,heuristic_v1,run_20260111_012408
120,120_c02,The Count of Monte Cristo,montecristo_ch001_w0377,SUPPORT,0.86875,heuristic_v1,run_20260111_012408
120,120_c02,The Count of Monte Cristo,montecristo_ch001_w1006,SUPPORT,0.8109988841032647,heuristic_v1,run_20260111_012408
120,120_c03,The Count of Monte Cristo,montecristo_ch001_w0169,SUPPORT,0.9518749999999999,heuristic_v1,run_20260111_012408
120,120_c03,The Count of Monte Cristo,montecristo_ch001_w0558,SUPPORT,0.8221249230223883,heuristic_v1,run_20260111_012408
105,105_c01,The Count of Monte Cristo,montecristo_ch001_w0104,SUPPORT,0.8444444444444444,heuristic_v1,run_20260111_012408
105,105_c01,The Count of Monte Cristo,montecristo_ch001_w0761,SUPPORT,0.7780820430985799,heuristic_v1,run_20260111_012408
105,105_c02,The Count of Monte Cristo,montecristo_ch001_w0064,SUPPORT,0.7841666666666667,heuristic_v1,run_20260111_012408
105,105_c02,The Count of Monte Cristo,montecristo_ch001_w0863,SUPPORT,0.8238390785936188,heuristic_v1,run_20260111_012408
57,57_c01,In search of the castaways,castaways_ch001_w0106,SUPPORT,0.9183333333333333,heuristic_v1,run_20260111_012408
57,57_c01,In search of the castaways,castaways_ch001_w0187,SUPPORT,0.9106464566761027,heuristic_v1,run_20260111_012408
57,57_c02,In search of the castaways,castaways_ch001_w0121,SUPPORT,0.9256334054376834,heuristic_v1,run_20260111_012408
57,57_c02,In search of the castaways,castaways_ch001_w0241,SUPPORT,0.94,heuristic_v1,run_20260111_012408
106,106_c01,The Count of Monte Cristo,montecristo_ch001_w0100,SUPPORT,0.8763527658369821,heuristic_v1,run_20260111_012408
106,106_c01,The Count of Monte Cristo,montecristo_ch001_w0744,SUPPORT,0.9500000000000001,heuristic_v1,run_20260111_012408
106,106_c02,The Count of Monte Cristo,montecristo_ch001_w0379,SUPPORT,0.8270784966798476,heuristic_v1,run_20260111_012408
106,106_c02,The Count of Monte Cristo,montecristo_ch001_w0837,SUPPORT,0.8716473428278273,heuristic_v1,run_20260111_012408
118,118_c01,The Count of Monte Cristo,montecristo_ch001_w0335,SUPPORT,0.8288888888888889,heuristic_v1,run_20260111_012408
118,118_c01,The Count of Monte Cristo,montecristo_ch001_w0590,SUPPORT,0.7462085945337241,heuristic_v1,run_20260111_012408
118,118_c02,The Count of Monte Cristo,montecristo_ch001_w0214,SUPPORT,0.85125,heuristic_v1,run_20260111_012408
118,118_c02,The Count of Monte Cristo,montecristo_ch001_w0699,SUPPORT,0.7973773617205754,heuristic_v1,run_20260111_012408
126,126_c01,The Count of Monte Cristo,montecristo_ch001_w0208,SUPPORT,0.85125,heuristic_v1,run_20260111_012408
126,126_c01,The Count of Monte Cristo,montecristo_ch001_w0579,SUPPORT,0.8204413387598883,heuristic_v1,run_20260111_012408
126,126_c02,The Count of Monte Cristo,montecristo_ch001_w0145,SUPPORT,0.8288888888888889,heuristic_v1,run_20260111_012408
126,126_c02,The Count of Monte Cristo,montecristo_ch001_w0903,SUPPORT,0.7299678968282562,heuristic_v1,run_20260111_012408
4,4_c01,In search of the castaways,castaways_ch001_w0069,SUPPORT,0.8454643752851053,heuristic_v1,run_20260111_012408
4,4_c01,In search of the castaways,castaways_ch001_w0224,SUPPORT,0.8295536193499724,heuristic_v1,run_20260111_012408
125,125_c01,The Count of Monte Cristo,montecristo_ch001_w0308,SUPPORT,0.8444444444444444,heuristic_v1,run_20260111_012408
125,125_c01,The Count of Monte Cristo,montecristo_ch001_w0781,SUPPORT,0.7061558692886262,heuristic_v1,run_20260111_012408
125,125_c02,The Count of Monte Cristo,montecristo_ch001_w0227,SUPPORT,0.8570730358226426,heuristic_v1,run_20260111_012408
125,125_c02,The Count of Monte Cristo,montecristo_ch001_w0566,SUPPORT,0.7771643970751736,heuristic_v1,run_20260111_012408
125,125_c03,The Count of Monte Cristo,montecristo_ch001_w0259,SUPPORT,0.8736111111111111,heuristic_v1,run_20260111_012408
125,125_c03,The Count of Monte Cristo,montecristo_ch001_w0893,SUPPORT,0.7869505188119713,heuristic_v1,run_20260111_012408
40,40_c01,In search of the castaways,castaways_ch001_w0137,SUPPORT,0.6722900303202416,heuristic_v1,run_20260111_012408
40,40_c01,In search of the castaways,castaways_ch001_w0297,NEUTRAL,0.4542933443517099,heuristic_v1,run_20260111_012408
96,96_c01,The Count of Monte Cristo,montecristo_ch001_w0013,SUPPORT,0.7264972548454562,heuristic_v1,run_20260111_012408
96,96_c01,The Count of Monte Cristo,montecristo_ch001_w0841,SUPPORT,0.9183333333333333,heuristic_v1,run_20260111_012408
96,96_c02,The Count of Monte Cristo,montecristo_ch001_w0208,SUPPORT,0.785357464396002,heuristic_v1,run_20260111_012408
96,96_c02,The Count of Monte Cristo,montecristo_ch001_w1014,SUPPORT,0.8329545454545454,heuristic_v1,run_20260111_012408
45,45_c01,In search of the castaways,castaways_ch001_w0122,SUPPORT,0.7563997720361704,heuristic_v1,run_20260111_012408
45,45_c01,In search of the castaways,castaways_ch001_w0297,SUPPORT,0.7314792599319165,heuristic_v1,run_20260111_012408
45,45_c02,In search of the castaways,castaways_ch001_w0020,SUPPORT,0.7212630939299539,heuristic_v1,run_20260111_012408
45,45_c02,In search of the castaways,castaways_ch001_w0297,SUPPORT,0.7623537037851001,heuristic_v1,run_20260111_012408
54,54_c01,In search of the castaways,castaways_ch001_w0124,SUPPORT,0.8048076923076923,heuristic_v1,run_20260111_012408
54,54_c01,In search of the castaways,castaways_ch001_w0219,SUPPORT,0.8570654057236984,heuristic_v1,run_20260111_012408
8,8_c01,In search of the castaways,castaways_ch001_w0066,SUPPORT,0.7877283572484352,heuristic_v1,run_20260111_012408
8,8_c01,In search of the castaways,castaways_ch001_w0263,SUPPORT,0.7775733570285355,heuristic_v1,run_20260111_012408
32,32_c01,In search of the castaways,castaways_ch001_w0065,SUPPORT,0.6610880682265515,heuristic_v1,run_20260111_012408
32,32_c01,In search of the castaways,castaways_ch001_w0297,NEUTRAL,0.4540752168670466,heuristic_v1,run_20260111_012408
32,32_c02,In search of the castaways,castaways_ch001_w0060,SUPPORT,0.7340455296392578,heuristic_v1,run_20260111_012408
32,32_c02,In search of the castaways,castaways_ch001_w0297,SUPPORT,0.7509652364725867,heuristic_v1,run_20260111_012408
14,14_c01,In search of the castaways,castaways_ch001_w0042,SUPPORT,0.749934042922866,heuristic_v1,run_20260111_012408
14,14_c01,In search of the castaways,castaways_ch001_w0259,SUPPORT,0.7949517623775257,heuristic_v1,run_20260111_012408
63,63_c01,In search of the castaways,castaways_ch001_w0097,SUPPORT,0.8307366019588281,heuristic_v1,run_20260111_012408
63,63_c01,In search of the castaways,castaways_ch001_w0198,SUPPORT,0.8653846153846154,heuristic_v1,run_20260111_012408
41,41_c01,In search of the castaways,castaways_ch001_w0047,SUPPORT,0.7118613741995202,heuristic_v1,run_20260111_012408
41,41_c01,In search of the castaways,castaways_ch001_w0297,SUPPORT,0.7397273834364917,heuristic_v1,run_20260111_012408
41,41_c02,In search of the castaways,castaways_ch001_w0146,SUPPORT,0.7145205465996499,heuristic_v1,run_20260111_012408
41,41_c02,In search of the castaways,castaways_ch001_w0297,NEUTRAL,0.4526741679601164,heuristic_v1,run_20260111_012408
23,23_c01,In search of the castaways,castaways_ch001_w0023,SUPPORT,0.94,heuristic_v1,run_20260111_012408
23,23_c01,In search of the castaways,castaways_ch001_w0187,SUPPORT,0.8497197662767805,heuristic_v1,run_20260111_012408
23,23_c02,In search of the castaways,castaways_ch001_w0098,SUPPORT,0.85125,heuristic_v1,run_20260111_012408
23,23_c02,In search of the castaways,castaways_ch001_w0191,SUPPORT,0.8329070868502074,heuristic_v1,run_20260111_012408
23,23_c03,In search of the castaways,castaways_ch001_w0042,SUPPORT,0.8915,heuristic_v1,run_20260111_012408
23,23_c03,In search of the castaways,castaways_ch001_w0199,SUPPORT,0.770116756873732,heuristic_v1,run_20260111_012408
90,90_c01,The Count of Monte Cristo,montecristo_ch001_w0062,SUPPORT,0.7268346507277513,heuristic_v1,run_20260111_012408
90,90_c01,The Count of Monte Cristo,montecristo_ch001_w0692,SUPPORT,0.7965020287993646,heuristic_v1,run_20260111_012408
90,90_c02,The Count of Monte Cristo,montecristo_ch001_w0100,SUPPORT,0.7532149911785725,heuristic_v1,run_20260111_012408
90,90_c02,The Count of Monte Cristo,montecristo_ch001_w0828,SUPPORT,0.8541666666666666,heuristic_v1,run_20260111_012408
100,100_c01,The Count of Monte Cristo,montecristo_ch001_w0082,SUPPORT,0.9375,heuristic_v1,run_20260111_012408
100,100_c01,The Count of Monte Cristo,montecristo_ch001_w0864,SUPPORT,0.8219893434999329,heuristic_v1,run_20260111_012408
138,138_c01,The Count of Monte Cristo,montecristo_ch001_w0219,SUPPORT,0.9015624999999999,heuristic_v1,run_20260111_012408
138,138_c01,The Count of Monte Cristo,montecristo_ch001_w0708,SUPPORT,0.7806864048912832,heuristic_v1,run_20260111_012408
130,130_c01,The Count of Monte Cristo,montecristo_ch001_w0173,SUPPORT,0.8618421052631579,heuristic_v1,run_20260111_012408
130,130_c01,The Count of Monte Cristo,montecristo_ch001_w0750,SUPPORT,0.8101684106959214,heuristic_v1,run_20260111_012408
48,48_c01,In search of the castaways,castaways_ch001_w0152,SUPPORT,0.8915,heuristic_v1,run_20260111_012408
48,48_c01,In search of the castaways,castaways_ch001_w0275,SUPPORT,0.7679311931802526,heuristic_v1,run_20260111_012408
95,95_c01,The Count of Monte Cristo,montecristo_ch001_w0129,SUPPORT,0.9183333333333333,heuristic_v1,run_20260111_012408
95,95_c01,The Count of Monte Cristo,montecristo_ch001_w1026,SUPPORT,0.7708325794815473,heuristic_v1,run_20260111_012408
95,95_c02,The Count of Monte Cristo,montecristo_ch001_w0107,SUPPORT,0.8126872756833657,heuristic_v1,run_20260111_012408
95,95_c02,The Count of Monte Cristo,montecristo_ch001_w0854,SUPPORT,0.8329545454545454,heuristic_v1,run_20260111_012408
95,95_c03,The Count of Monte Cristo,montecristo_ch001_w0334,SUPPORT,0.7802671071420803,heuristic_v1,run_20260111_012408
95,95_c03,The Count of Monte Cristo,montecristo_ch001_w0780,SUPPORT,0.9222222222222222,heuristic_v1,run_20260111_012408
136,136_c01,The Count of Monte Cristo,montecristo_ch001_w0273,SUPPORT,0.8915,heuristic_v1,run_20260111_012408
136,136_c01,The Count of Monte Cristo,montecristo_ch001_w0614,SUPPORT,0.7888074443761993,heuristic_v1,run_20260111_012408
136,136_c02,The Count of Monte Cristo,montecristo_ch001_w0182,SUPPORT,0.88,heuristic_v1,run_20260111_012408
136,136_c02,The Count of Monte Cristo,montecristo_ch001_w0869,SUPPORT,0.7737748289403418,heuristic_v1,run_20260111_012408
60,60_c01,In search of the castaways,castaways_ch001_w0073,SUPPORT,0.8022154166586515,heuristic_v1,run_20260111_012408
60,60_c01,In search of the castaways,castaways_ch001_w0253,SUPPORT,0.7848907179194383,heuristic_v1,run_20260111_012408
60,60_c02,In search of the castaways,castaways_ch001_w0130,SUPPORT,0.9135437109669662,heuristic_v1,run_20260111_012408
60,60_c02,In search of the castaways,castaways_ch001_w0180,SUPPORT,0.9183333333333333,heuristic_v1,run_20260111_012408
124,124_c01,The Count of Monte Cristo,montecristo_ch001_w0456,SUPPORT,0.8250000000000001,heuristic_v1,run_20260111_012408
124,124_c01,The Count of Monte Cristo,montecristo_ch001_w0873,SUPPORT,0.7744131631135536,heuristic_v1,run_20260111_012408
111,111_c01,The Count of Monte Cristo,montecristo_ch001_w0446,SUPPORT,0.6642154427782049,heuristic_v1,run_20260111_012408
111,111_c01,The Count of Monte Cristo,montecristo_ch001_w0860,SUPPORT,0.7426581925305002,heuristic_v1,run_20260111_012408
135,135_c01,The Count of Monte Cristo,montecristo_ch001_w0219,SUPPORT,0.8288888888888889,heuristic_v1,run_20260111_012408
135,135_c01,The Count of Monte Cristo,montecristo_ch001_w0594,SUPPORT,0.764830986524215,heuristic_v1,run_20260111_012408
135,135_c02,The Count of Monte Cristo,montecristo_ch001_w0195,SUPPORT,0.85125,heuristic_v1,run_20260111_012408
135,135_c02,The Count of Monte Cristo,montecristo_ch001_w0625,SUPPORT,0.6778717479615674,heuristic_v1,run_20260111_012408
135,135_c03,The Count of Monte Cristo,montecristo_ch001_w0207,SUPPORT,0.85125,heuristic_v1,run_20260111_012408
135,135_c03,The Count of Monte Cristo,montecristo_ch001_w1001,SUPPORT,0.7054428199834876,heuristic_v1,run_20260111_012408
27,27_c01,In search of the castaways,castaways_ch001_w0078,SUPPORT,0.7376353865803936,heuristic_v1,run_20260111_012408
27,27_c01,In search of the castaways,castaways_ch001_w0297,SUPPORT,0.8240377258172479,heuristic_v1,run_20260111_012408
27,27_c02,In search of the castaways,castaways_ch001_w0074,SUPPORT,0.7545478669771681,heuristic_v1,run_20260111_012408
27,27_c02,In search of the castaways,castaways_ch001_w0297,SUPPORT,0.7591369440293737,heuristic_v1,run_20260111_012408
110,110_c01,The Count of Monte Cristo,montecristo_ch001_w0334,SUPPORT,0.8670453619104117,heuristic_v1,run_20260111_012408
110,110_c01,The Count of Monte Cristo,montecristo_ch001_w1019,SUPPORT,0.8679297325462432,heuristic_v1,run_20260111_012408
42,42_c01,In search of the castaways,castaways_ch001_w0058,SUPPORT,0.7767197445382029,heuristic_v1,run_20260111_012408
42,42_c01,In search of the castaways,castaways_ch001_w0297,SUPPORT,0.86,heuristic_v1,run_20260111_012408
56,56_c01,In search of the castaways,castaways_ch001_w0131,SUPPORT,0.88,heuristic_v1,run_20260111_012408
56,56_c01,In search of the castaways,castaways_ch001_w0264,SUPPORT,0.8185030444772057,heuristic_v1,run_20260111_012408
56,56_c02,In search of the castaways,castaways_ch001_w0128,SUPPORT,0.8915,heuristic_v1,run_20260111_012408
56,56_c02,In search of the castaways,castaways_ch001_w0250,SUPPORT,0.8045404377231371,heuristic_v1,run_20260111_012408
80,80_c01,In search of the castaways,castaways_ch001_w0057,SUPPORT,0.8001070252164427,heuristic_v1,run_20260111_012408
80,80_c01,In search of the castaways,castaways_ch001_w0249,SUPPORT,0.7803240258168749,heuristic_v1,run_20260111_012408
80,80_c02,In search of the castaways,castaways_ch001_w0023,SUPPORT,0.7865751924377322,heuristic_v1,run_20260111_012408
80,80_c02,In search of the castaways,castaways_ch001_w0218,SUPPORT,0.8024793985733346,heuristic_v1,run_20260111_012408
80,80_c03,In search of the castaways,castaways_ch001_w0018,SUPPORT,0.7104512716326288,heuristic_v1,run_20260111_012408
80,80_c03,In search of the castaways,castaways_ch001_w0282,SUPPORT,0.7146625918981805,heuristic_v1,run_20260111_012408
28,28_c01,In search of the castaways,castaways_ch001_w0004,SUPPORT,0.804557178724242,heuristic_v1,run_20260111_012408
28,28_c01,In search of the castaways,castaways_ch001_w0297,SUPPORT,0.7891614076339544,heuristic_v1,run_20260111_012408
28,28_c02,In search of the castaways,castaways_ch001_w0029,SUPPORT,0.7104243836466585,heuristic_v1,run_20260111_012408
28,28_c02,In search of the castaways,castaways_ch001_w0297,NEUTRAL,0.45138383496371254,heuristic_v1,run_20260111_012408
101,101_c01,The Count of Monte Cristo,montecristo_ch001_w0093,SUPPORT,0.8369894791108856,heuristic_v1,run_20260111_012408
101,101_c01,The Count of Monte Cristo,montecristo_ch001_w0613,SUPPORT,0.8643550031816946,heuristic_v1,run_20260111_012408
91,91_c01,The Count of Monte Cristo,montecristo_ch001_w0064,SUPPORT,0.8415630801810629,heuristic_v1,run_20260111_012408
91,91_c01,The Count of Monte Cristo,montecristo_ch001_w0863,SUPPORT,0.8750858329101302,heuristic_v1,run_20260111_012408
91,91_c02,The Count of Monte Cristo,montecristo_ch001_w0073,SUPPORT,0.8603390840990022,heuristic_v1,run_20260111_012408
91,91_c02,The Count of Monte Cristo,montecristo_ch001_w0552,SUPPORT,0.9,heuristic_v1,run_20260111_012408
91,91_c03,The Count of Monte Cristo,montecristo_ch001_w0361,SUPPORT,0.7911477791509051,heuristic_v1,run_20260111_012408
91,91_c03,The Count of Monte Cristo,montecristo_ch001_w0753,SUPPORT,0.8384615384615385,heuristic_v1,run_20260111_012408
24,24_c01,In search of the castaways,castaways_ch001_w0066,SUPPORT,0.8360441101682418,heuristic_v1,run_20260111_012408
24,24_c01,In search of the castaways,castaways_ch001_w0165,SUPPORT,0.9045454545454545,heuristic_v1,run_20260111_012408
24,24_c02,In search of the castaways,castaways_ch001_w0065,SUPPORT,0.8511123766413558,heuristic_v1,run_20260111_012408
24,24_c02,In search of the castaways,castaways_ch001_w0187,SUPPORT,0.8695454545454545,heuristic_v1,run_20260111_012408
119,119_c01,The Count of Monte Cristo,montecristo_ch001_w0252,SUPPORT,0.8329545454545454,heuristic_v1,run_20260111_012408
119,119_c01,The Count of Monte Cristo,montecristo_ch001_w0597,SUPPORT,0.7895300090685557,heuristic_v1,run_20260111_012408
93,93_c01,The Count of Monte Cristo,montecristo_ch001_w0109,SUPPORT,0.86,heuristic_v1,run_20260111_012408
93,93_c01,The Count of Monte Cristo,montecristo_ch001_w0863,SUPPORT,0.8441099902006453,heuristic_v1,run_20260111_012408
93,93_c02,The Count of Monte Cristo,montecristo_ch001_w0212,SUPPORT,0.8115384615384615,heuristic_v1,run_20260111_012408
93,93_c02,The Count of Monte Cristo,montecristo_ch001_w0667,SUPPORT,0.7911946037993172,heuristic_v1,run_20260111_012408
72,72_c01,In search of the castaways,castaways_ch001_w0122,SUPPORT,0.6700403705647637,heuristic_v1,run_20260111_012408
72,72_c01,In search of the castaways,castaways_ch001_w0253,SUPPORT,0.7597456083039356,heuristic_v1,run_20260111_012408
72,72_c02,In search of the castaways,castaways_ch001_w0026,SUPPORT,0.7767263181388883,heuristic_v1,run_20260111_012408
72,72_c02,In search of the castaways,castaways_ch001_w0175,SUPPORT,0.7205727646044382,heuristic_v1,run_20260111_012408
16,16_c01,In search of the castaways,castaways_ch001_w0015,SUPPORT,0.86875,heuristic_v1,run_20260111_012408
16,16_c01,In search of the castaways,castaways_ch001_w0230,SUPPORT,0.8206799632014652,heuristic_v1,run_20260111_012408
16,16_c02,In search of the castaways,castaways_ch001_w0042,SUPPORT,0.8736111111111111,heuristic_v1,run_20260111_012408
16,16_c02,In search of the castaways,castaways_ch001_w0187,SUPPORT,0.7679538849038072,heuristic_v1,run_20260111_012408
30,30_c01,In search of the castaways,castaways_ch001_w0033,SUPPORT,0.735256337129666,heuristic_v1,run_20260111_012408
30,30_c01,In search of the castaways,castaways_ch001_w0294,SUPPORT,0.7334056110277487,heuristic_v1,run_20260111_012408
30,30_c02,In search of the castaways,castaways_ch001_w0108,SUPPORT,0.7438119901360802,heuristic_v1,run_20260111_012408
30,30_c02,In search of the castaways,castaways_ch001_w0277,SUPPORT,0.8250000000000001,heuristic_v1,run_20260111_012408
97,97_c01,The Count of Monte Cristo,montecristo_ch001_w0138,SUPPORT,0.690150140643154,heuristic_v1,run_20260111_012408
97,97_c01,The Count of Monte Cristo,montecristo_ch001_w0986,SUPPORT,0.8736111111111111,heuristic_v1,run_20260111_012408
22,22_c01,In search of the castaways,castaways_ch001_w0042,NEUTRAL,0.5,heuristic_v1,run_20260111_012408
22,22_c01,In search of the castaways,castaways_ch001_w0277,SUPPORT,0.7329787638078882,heuristic_v1,run_20260111_012408
22,22_c02,In search of the castaways,castaways_ch001_w0065,SUPPORT,0.85125,heuristic_v1,run_20260111_012408
22,22_c02,In search of the castaways,castaways_ch001_w0303,SUPPORT,0.7780919411498791,heuristic_v1,run_20260111_012408
22,22_c03,In search of the castaways,castaways_ch001_w0042,SUPPORT,0.7841666666666667,heuristic_v1,run_20260111_012408
22,22_c03,In search of the castaways,castaways_ch001_w0250,SUPPORT,0.7807408635636539,heuristic_v1,run_20260111_012408
53,53_c01,In search of the castaways,castaways_ch001_w0117,SUPPORT,0.7993469370835223,heuristic_v1,run_20260111_012408
53,53_c01,In search of the castaways,castaways_ch001_w0155,SUPPORT,0.8225,heuristic_v1,run_20260111_012408
53,53_c02,In search of the castaways,castaways_ch001_w0027,SUPPORT,0.85,heuristic_v1,run_20260111_012408
53,53_c02,In search of the castaways,castaways_ch001_w0155,SUPPORT,0.7888744583323457,heuristic_v1,run_20260111_012408
53,53_c03,In search of the castaways,castaways_ch001_w0146,SUPPORT,0.8736111111111111,heuristic_v1,run_20260111_012408
53,53_c03,In search of the castaways,castaways_ch001_w0153,SUPPORT,0.8315360221680826,heuristic_v1,run_20260111_012408
81,81_c01,In search of the castaways,castaways_ch001_w0023,SUPPORT,0.7980313392481387,heuristic_v1,run_20260111_012408
81,81_c01,In search of the castaways,castaways_ch001_w0196,SUPPORT,0.7583289076702048,heuristic_v1,run_20260111_012408
81,81_c02,In search of the castaways,castaways_ch001_w0066,SUPPORT,0.7170497247118812,heuristic_v1,run_20260111_012408
81,81_c02,In search of the castaways,castaways_ch001_w0240,SUPPORT,0.7501103819649646,heuristic_v1,run_20260111_012408
81,81_c03,In search of the castaways,castaways_ch001_w0054,SUPPORT,0.8169893881232438,heuristic_v1,run_20260111_012408
81,81_c03,In search of the castaways,castaways_ch001_w0189,SUPPORT,0.7325221068234067,heuristic_v1,run_20260111_012408
47,47_c01,In search of the castaways,castaways_ch001_w0126,SUPPORT,0.94,heuristic_v1,run_20260111_012408
47,47_c01,In search of the castaways,castaways_ch001_w0187,SUPPORT,0.7614140304100282,heuristic_v1,run_20260111_012408
7,7_c01,In search of the castaways,castaways_ch001_w0042,SUPPORT,0.8288888888888889,heuristic_v1,run_20260111_012408
7,7_c01,In search of the castaways,castaways_ch001_w0229,SUPPORT,0.8202494260348981,heuristic_v1,run_20260111_012408
7,7_c02,In search of the castaways,castaways_ch001_w0064,SUPPORT,0.88,heuristic_v1,run_20260111_012408
7,7_c02,In search of the castaways,castaways_ch001_w0240,SUPPORT,0.7882833429909986,heuristic_v1,run_20260111_012408
7,7_c03,In search of the castaways,castaways_ch001_w0045,SUPPORT,0.8477086267008727,heuristic_v1,run_20260111_012408
7,7_c03,In search of the castaways,castaways_ch001_w0262,SUPPORT,0.86875,heuristic_v1,run_20260111_012408
121,121_c01,The Count of Monte Cristo,montecristo_ch001_w0221,SUPPORT,0.8915,heuristic_v1,run_20260111_012408
121,121_c01,The Count of Monte Cristo,montecristo_ch001_w0634,SUPPORT,0.7934732663864896,heuristic_v1,run_20260111_012408
121,121_c02,The Count of Monte Cristo,montecristo_ch001_w0181,SUPPORT,0.85125,heuristic_v1,run_20260111_012408
121,121_c02,The Count of Monte Cristo,montecristo_ch001_w0670,SUPPORT,0.7914805026179104,heuristic_v1,run_20260111_012408
129,129_c01,The Count of Monte Cristo,montecristo_ch001_w0183,SUPPORT,0.8048076923076923,heuristic_v1,run_20260111_012408
129,129_c01,The Count of Monte Cristo,montecristo_ch001_w0893,SUPPORT,0.7362183055908792,heuristic_v1,run_20260111_012408
129,129_c02,The Count of Monte Cristo,montecristo_ch001_w0037,SUPPORT,0.85,heuristic_v1,run_20260111_012408
129,129_c02,The Count of Monte Cristo,montecristo_ch001_w0630,SUPPORT,0.7292837152292175,heuristic_v1,run_20260111_012408
51,51_c01,In search of the castaways,castaways_ch001_w0127,SUPPORT,0.8690531660729105,heuristic_v1,run_20260111_012408
51,51_c01,In search of the castaways,castaways_ch001_w0187,SUPPORT,0.8329545454545454,heuristic_v1,run_20260111_012408
127,127_c01,The Count of Monte Cristo,montecristo_ch001_w0252,SUPPORT,0.8225,heuristic_v1,run_20260111_012408
127,127_c01,The Count of Monte Cristo,montecristo_ch001_w0787,SUPPORT,0.7325970890528375,heuristic_v1,run_20260111_012408
127,127_c02,The Count of Monte Cristo,montecristo_ch001_w0276,SUPPORT,0.8130608225433984,heuristic_v1,run_20260111_012408
127,127_c02,The Count of Monte Cristo,montecristo_ch001_w0813,SUPPORT,0.7694482784937193,heuristic_v1,run_20260111_012408
133,133_c01,The Count of Monte Cristo,montecristo_ch001_w0208,SUPPORT,0.8288888888888889,heuristic_v1,run_20260111_012408
133,133_c01,The Count of Monte Cristo,montecristo_ch001_w0962,SUPPORT,0.6884576774075344,heuristic_v1,run_20260111_012408
133,133_c02,The Count of Monte Cristo,montecristo_ch001_w0205,SUPPORT,0.88,heuristic_v1,run_20260111_012408
133,133_c02,The Count of Monte Cristo,montecristo_ch001_w0917,SUPPORT,0.8098709790411179,heuristic_v1,run_20260111_012408
52,52_c01,In search of the castaways,castaways_ch001_w0117,SUPPORT,0.8430521298636675,heuristic_v1,run_20260111_012408
52,52_c01,In search of the castaways,castaways_ch001_w0155,SUPPORT,0.8847916666666666,heuristic_v1,run_20260111_012408
52,52_c02,In search of the castaways,castaways_ch001_w0016,SUPPORT,0.8055555555555556,heuristic_v1,run_20260111_012408
52,52_c02,In search of the castaways,castaways_ch001_w0253,SUPPORT,0.7832723656706857,heuristic_v1,run_20260111_012408
114,114_c01,The Count of Monte Cristo,montecristo_ch001_w0219,SUPPORT,0.85125,heuristic_v1,run_20260111_012408
114,114_c01,The Count of Monte Cristo,montecristo_ch001_w0532,SUPPORT,0.7679049093032382,heuristic_v1,run_20260111_012408
2,2_c01,In search of the castaways,castaways_ch001_w0042,SUPPORT,0.8009375,heuristic_v1,run_20260111_012408
2,2_c01,In search of the castaways,castaways_ch001_w0249,SUPPORT,0.7351462952521742,heuristic_v1,run_20260111_012408
2,2_c02,In search of the castaways,castaways_ch001_w0114,SUPPORT,0.8915,heuristic_v1,run_20260111_012408
2,2_c02,In search of the castaways,castaways_ch001_w0189,SUPPORT,0.7213884520994203,heuristic_v1,run_20260111_012408
33,33_c01,In search of the castaways,castaways_ch001_w0022,SUPPORT,0.7388038616742663,heuristic_v1,run_20260111_012408
33,33_c01,In search of the castaways,castaways_ch001_w0297,SUPPORT,0.7741792034197273,heuristic_v1,run_20260111_012408
15,15_c01,In search of the castaways,castaways_ch001_w0042,SUPPORT,0.85125,heuristic_v1,run_20260111_012408
15,15_c01,In search of the castaways,castaways_ch001_w0263,SUPPORT,0.7876726226073149,heuristic_v1,run_20260111_012408
82,82_c01,In search of the castaways,castaways_ch001_w0103,SUPPORT,0.748813390073825,heuristic_v1,run_20260111_012408
82,82_c01,In search of the castaways,castaways_ch001_w0161,SUPPORT,0.7027036166813727,heuristic_v1,run_20260111_012408
82,82_c02,In search of the castaways,castaways_ch001_w0064,SUPPORT,0.7057713465944209,heuristic_v1,run_20260111_012408
82,82_c02,In search of the castaways,castaways_ch001_w0295,SUPPORT,0.7416428657283122,heuristic_v1,run_20260111_012408
82,82_c03,In search of the castaways,castaways_ch001_w0004,SUPPORT,0.7121172933267702,heuristic_v1,run_20260111_012408
82,82_c03,In search of the castaways,castaways_ch001_w0246,SUPPORT,0.7181334150527544,heuristic_v1,run_20260111_012408
82,82_c04,In search of the castaways,castaways_ch001_w0000,SUPPORT,0.7267356665428603,heuristic_v1,run_20260111_012408
82,82_c04,In search of the castaways,castaways_ch001_w0154,SUPPORT,0.7212091228824602,heuristic_v1,run_20260111_012408
82,82_c05,In search of the castaways,castaways_ch001_w0129,SUPPORT,0.7838413582625775,heuristic_v1,run_20260111_012408
82,82_c05,In search of the castaways,castaways_ch001_w0198,SUPPORT,0.7328651494286401,heuristic_v1,run_20260111_012408
37,37_c01,In search of the castaways,castaways_ch001_w0015,SUPPORT,0.7055313676154492,heuristic_v1,run_20260111_012408
37,37_c01,In search of the castaways,castaways_ch001_w0297,SUPPORT,0.7746011360586352,heuristic_v1,run_20260111_012408
37,37_c02,In search of the castaways,castaways_ch001_w0029,SUPPORT,0.7868874729719495,heuristic_v1,run_20260111_012408
37,37_c02,In search of the castaways,castaways_ch001_w0297,SUPPORT,0.8101673831395216,heuristic_v1,run_20260111_012408
3,3_c01,In search of the castaways,castaways_ch001_w0042,SUPPORT,0.8326844689890583,heuristic_v1,run_20260111_012408
3,3_c01,In search of the castaways,castaways_ch001_w0187,SUPPORT,0.8962861077844371,heuristic_v1,run_20260111_012408
3,3_c02,In search of the castaways,castaways_ch001_w0028,SUPPORT,0.8506520932094855,heuristic_v1,run_20260111_012408
3,3_c02,In search of the castaways,castaways_ch001_w0187,SUPPORT,0.8251203193619268,heuristic_v1,run_20260111_012408
103,103_c01,The Count of Monte Cristo,montecristo_ch001_w0425,SUPPORT,0.8090909090909091,heuristic_v1,run_20260111_012408
103,103_c01,The Count of Monte Cristo,montecristo_ch001_w0863,SUPPORT,0.7566581278172293,heuristic_v1,run_20260111_012408
94,94_c01,The Count of Monte Cristo,montecristo_ch001_w0078,SUPPORT,0.8147058823529412,heuristic_v1,run_20260111_012408
94,94_c01,The Count of Monte Cristo,montecristo_ch001_w0693,SUPPORT,0.7593892962411759,heuristic_v1,run_20260111_012408
94,94_c02,The Count of Monte Cristo,montecristo_ch001_w0128,SUPPORT,0.7561055320558956,heuristic_v1,run_20260111_012408
94,94_c02,The Count of Monte Cristo,montecristo_ch001_w1014,SUPPORT,0.9183333333333333,heuristic_v1,run_20260111_012408
85,85_c01,In search of the castaways,castaways_ch001_w0086,SUPPORT,0.7579728858755121,heuristic_v1,run_20260111_012408
85,85_c01,In search of the castaways,castaways_ch001_w0246,SUPPORT,0.6672481600308767,heuristic_v1,run_20260111_012408
21,21_c01,In search of the castaways,castaways_ch001_w0044,SUPPORT,0.77075,heuristic_v1,run_20260111_012408
21,21_c01,In search of the castaways,castaways_ch001_w0187,SUPPORT,0.7901101735386654,heuristic_v1,run_20260111_012408
49,49_c01,In search of the castaways,castaways_ch001_w0016,SUPPORT,0.8461570230076044,heuristic_v1,run_20260111_012408
49,49_c01,In search of the castaways,castaways_ch001_w0268,SUPPORT,0.7461256591726085,heuristic_v1,run_20260111_012408
49,49_c02,In search of the castaways,castaways_ch001_w0076,SUPPORT,0.7618866199196808,heuristic_v1,run_20260111_012408
49,49_c02,In search of the castaways,castaways_ch001_w0278,SUPPORT,0.6856179965243843,heuristic_v1,run_20260111_012408
140,140_c01,The Count of Monte Cristo,montecristo_ch001_w0221,SUPPORT,0.8736111111111111,heuristic_v1,run_20260111_012408
140,140_c01,The Count of Monte Cristo,montecristo_ch001_w0839,SUPPORT,0.8379784169945175,heuristic_v1,run_20260111_012408
64,64_c01,In search of the castaways,castaways_ch001_w0150,SUPPORT,0.7869006518227714,heuristic_v1,run_20260111_012408
64,64_c01,In search of the castaways,castaways_ch001_w0155,SUPPORT,0.88,heuristic_v1,run_20260111_012408
131,131_c01,The Count of Monte Cristo,montecristo_ch001_w0143,SUPPORT,0.8736111111111111,heuristic_v1,run_20260111_012408
131,131_c01,The Count of Monte Cristo,montecristo_ch001_w0797,SUPPORT,0.8120796243987461,heuristic_v1,run_20260111_012408
61,61_c01,In search of the castaways,castaways_ch001_w0117,SUPPORT,0.8505034270259884,heuristic_v1,run_20260111_012408
61,61_c01,In search of the castaways,castaways_ch001_w0188,SUPPORT,0.8248581650682483,heuristic_v1,run_20260111_012408
86,86_c01,In search of the castaways,castaways_ch001_w0037,SUPPORT,0.8191494036827877,heuristic_v1,run_20260111_012408
86,86_c01,In search of the castaways,castaways_ch001_w0156,SUPPORT,0.7743778574613562,heuristic_v1,run_20260111_012408
86,86_c02,In search of the castaways,castaways_ch001_w0006,SUPPORT,0.7278091964458335,heuristic_v1,run_20260111_012408
86,86_c02,In search of the castaways,castaways_ch001_w0210,SUPPORT,0.803675200154741,heuristic_v1,run_20260111_012408
38,38_c01,In search of the castaways,castaways_ch001_w0078,SUPPORT,0.7207867257383568,heuristic_v1,run_20260111_012408
38,38_c01,In search of the castaways,castaways_ch001_w0297,SUPPORT,0.7266039779711119,heuristic_v1,run_20260111_012408
38,38_c02,In search of the castaways,castaways_ch001_w0102,SUPPORT,0.7918919668492866,heuristic_v1,run_20260111_012408
38,38_c02,In search of the castaways,castaways_ch001_w0297,SUPPORT,0.7374541936235153,heuristic_v1,run_20260111_012408
132,132_c01,The Count of Monte Cristo,montecristo_ch001_w0181,SUPPORT,0.8915,heuristic_v1,run_20260111_012408
132,132_c01,The Count of Monte Cristo,montecristo_ch001_w0894,SUPPORT,0.8550759972053551,heuristic_v1,run_20260111_012408
77,77_c01,In search of the castaways,castaways_ch001_w0086,SUPPORT,0.7790930872777425,heuristic_v1,run_20260111_012408
77,77_c01,In search of the castaways,castaways_ch001_w0241,SUPPORT,0.7432757459315178,heuristic_v1,run_20260111_012408
77,77_c02,In search of the castaways,castaways_ch001_w0092,SUPPORT,0.7864519835595878,heuristic_v1,run_20260111_012408
77,77_c02,In search of the castaways,castaways_ch001_w0265,SUPPORT,0.8193228525866748,heuristic_v1,run_20260111_012408
77,77_c03,In search of the castaways,castaways_ch001_w0012,SUPPORT,0.8415665521297728,heuristic_v1,run_20260111_012408
77,77_c03,In search of the castaways,castaways_ch001_w0236,SUPPORT,0.84438350906298,heuristic_v1,run_20260111_012408
70,70_c01,In search of the castaways,castaways_ch001_w0066,SUPPORT,0.8027758295115208,heuristic_v1,run_20260111_012408
70,70_c01,In search of the castaways,castaways_ch001_w0156,SUPPORT,0.8527905460851173,heuristic_v1,run_20260111_012408
70,70_c02,In search of the castaways,castaways_ch001_w0139,SUPPORT,0.7362431732724507,heuristic_v1,run_20260111_012408
70,70_c02,In search of the castaways,castaways_ch001_w0241,SUPPORT,0.7781576694454448,heuristic_v1,run_20260111_012408
70,70_c03,In search of the castaways,castaways_ch001_w0058,SUPPORT,0.7959817852241973,heuristic_v1,run_20260111_012408
70,70_c03,In search of the castaways,castaways_ch001_w0298,SUPPORT,0.768531071301482,heuristic_v1,run_20260111_012408
115,115_c01,The Count of Monte Cristo,montecristo_ch001_w0207,SUPPORT,0.7841666666666667,heuristic_v1,run_20260111_012408
115,115_c01,The Count of Monte Cristo,montecristo_ch001_w0746,SUPPORT,0.700207713479318,heuristic_v1,run_20260111_012408
115,115_c02,The Count of Monte Cristo,montecristo_ch001_w0182,SUPPORT,0.85125,heuristic_v1,run_20260111_012408
115,115_c02,The Count of Monte Cristo,montecristo_ch001_w0742,SUPPORT,0.7761637759196375,heuristic_v1,run_20260111_012408
78,78_c01,In search of the castaways,castaways_ch001_w0106,SUPPORT,0.7440389927105349,heuristic_v1,run_20260111_012408
78,78_c01,In search of the castaways,castaways_ch001_w0298,SUPPORT,0.7438243376800457,heuristic_v1,run_20260111_012408
78,78_c02,In search of the castaways,castaways_ch001_w0018,SUPPORT,0.7603686643041826,heuristic_v1,run_20260111_012408
78,78_c02,In search of the castaways,castaways_ch001_w0196,SUPPORT,0.7437591716820171,heuristic_v1,run_20260111_012408
78,78_c03,In search of the castaways,castaways_ch001_w0141,SUPPORT,0.7176143368404351,heuristic_v1,run_20260111_012408
78,78_c03,In search of the castaways,castaways_ch001_w0166,SUPPORT,0.7647324938735408,heuristic_v1,run_20260111_012408
78,78_c04,In search of the castaways,castaways_ch001_w0011,SUPPORT,0.781444992993072,heuristic_v1,run_20260111_012408
78,78_c04,In search of the castaways,castaways_ch001_w0293,SUPPORT,0.7258869318024965,heuristic_v1,run_20260111_012408
78,78_c05,In search of the castaways,castaways_ch001_w0093,SUPPORT,0.8281575588110787,heuristic_v1,run_20260111_012408
78,78_c05,In search of the castaways,castaways_ch001_w0299,SUPPORT,0.8069344429832822,heuristic_v1,run_20260111_012408
87,87_c01,The Count of Monte Cristo,montecristo_ch001_w0063,SUPPORT,0.8915,heuristic_v1,run_20260111_012408
87,87_c01,The Count of Monte Cristo,montecristo_ch001_w0863,SUPPORT,0.7751052203564937,heuristic_v1,run_20260111_012408
87,87_c02,The Count of Monte Cristo,montecristo_ch001_w0128,SUPPORT,0.8071754648500895,heuristic_v1,run_20260111_012408
87,87_c02,The Count of Monte Cristo,montecristo_ch001_w0987,SUPPORT,0.8340812659600348,heuristic_v1,run_20260111_012408
75,75_c01,In search of the castaways,castaways_ch001_w0042,SUPPORT,0.8149488770086765,heuristic_v1,run_20260111_012408
75,75_c01,In search of the castaways,castaways_ch001_w0251,SUPPORT,0.7994595609361483,heuristic_v1,run_20260111_012408
75,75_c02,In search of the castaways,castaways_ch001_w0073,SUPPORT,0.7607124630372499,heuristic_v1,run_20260111_012408
75,75_c02,In search of the castaways,castaways_ch001_w0208,SUPPORT,0.7698912572017125,heuristic_v1,run_20260111_012408
75,75_c03,In search of the castaways,castaways_ch001_w0084,SUPPORT,0.6862242311302612,heuristic_v1,run_20260111_012408
75,75_c03,In search of the castaways,castaways_ch001_w0213,SUPPORT,0.6870974793175293,heuristic_v1,run_20260111_012408
44,44_c01,In search of the castaways,castaways_ch001_w0065,SUPPORT,0.763855037912273,heuristic_v1,run_20260111_012408
44,44_c01,In search of the castaways,castaways_ch001_w0297,SUPPORT,0.79,heuristic_v1,run_20260111_012408
44,44_c02,In search of the castaways,castaways_ch001_w0127,SUPPORT,0.8727426722344668,heuristic_v1,run_20260111_012408
44,44_c02,In search of the castaways,castaways_ch001_w0297,SUPPORT,0.8444941589980224,heuristic_v1,run_20260111_012408
